Index,Name,Full Name,Birth,Death,Birth City,Birth Province,Succession,Reign Start,Reign End,Cause,Killer,Dynasty,Era,Notes,Verif,Image
52,Galerius,CAESAR GALERIVS VALERIVS MAXIMIANVS AVGVSTVS,0260-01-01T00:53:28+00:53,0311-05-01T00:53:28+00:53,Romuliana,Moesia Superior,Appointment by Emperor,0305-05-01T00:53:28+00:53,0311-05-01T00:53:28+00:53,Natural Causes,Disease,Constantinian,Dominate,"birth, death, reign.end are estimates",,https://public.opendatasoft.com/api/datasets/1.0/roman-emperors/images/3662e45ea0d4c1f77a4165ad7c189e0f
57,Lucinius I,CAESAR GAIVS VALERIVS LICINIVS AVGVSTVS,0250-01-01T00:53:28+00:53,0325-03-01T00:53:28+00:53,Felix Romuliana,Moesia Superior,Birthright,0308-11-11T00:53:28+00:53,0324-09-18T00:53:28+00:53,Execution,Other Emperor,Constantinian,Dominate,"birth, death, are only estimates",,https://public.opendatasoft.com/api/datasets/1.0/roman-emperors/images/7225731e98362dc67508b8e47945e9bb
33,Philip I,CAESAR MARCVS IVLIVS PHILIPPVS AVGVSTVS,0204-01-01T00:53:28+00:53,0249-10-01T00:53:28+00:53,Shahba,Syria,Seized Power,0244-02-14T00:53:28+00:53,0249-10-01T00:53:28+00:53,Execution,Other Emperor,Gordian,Principate,reign.end is only estimate,,https://public.opendatasoft.com/api/datasets/1.0/roman-emperors/images/79c86a70d60c0b50cd9c98246c7eb3f3
36,Trebonianus Gallus,CAESAR GAIVS VIBIVS TREBONIANVS GALLVS AVGVSTVS,0206-01-01T00:53:28+00:53,0253-08-15T00:53:28+00:53,,Italia,Appointment by Army,0251-06-15T00:53:28+00:53,0253-08-15T00:53:28+00:53,Assassination,Other Emperor,Gordian,Principate,"birth, death, reign.end, reign.start are estimates.",,https://public.opendatasoft.com/api/datasets/1.0/roman-emperors/images/9a9c7368750e9bf7159fd0d60f5a7800
31,Balbinus,CAESAR DECIMVS CAELIVS CALVINVS BALBINVS PIVS AVGVSTVS,0178-01-01T00:53:28+00:53,0238-07-29T00:53:28+00:53,,Unknown,Appointment by Senate,0238-04-22T00:53:28+00:53,0238-07-29T00:53:28+00:53,Assassination,Praetorian Guard,Gordian,Principate,birth is only estimate.,,https://public.opendatasoft.com/api/datasets/1.0/roman-emperors/images/ea35dce475ae07b169b3f1acff912ad7
42,Aurelian,CAESAR LVCIVS DOMITIVS AVRELIANVS AVGVSTVS,0214-09-09T00:53:28+00:53,0275-09-15T00:53:28+00:53,Sirmium,Pannonia,Appointment by Army,0270-09-15T00:53:28+00:53,0275-09-15T00:53:28+00:53,Assassination,Praetorian Guard,Gordian,Principate,,,https://public.opendatasoft.com/api/datasets/1.0/roman-emperors/images/c246818f6b70ee6dfc152fe4653adde9
47,Numerian,CAESAR MARCVS AVRELIVS NVMERIVS NVMERIANVS AVGVSTVS,,0284-11-20T00:53:28+00:53,,Unknown,Birthright,0283-08-01T00:53:28+00:53,0284-11-20T00:53:28+00:53,Unknown,Unknown,Gordian,Principate,"death, reign.end, reign.start are estimates. Birth unknown",,https://public.opendatasoft.com/api/datasets/1.0/roman-emperors/images/c501b747e639d79fde5e0dfebb3a7ad2
48,Carinus,CAESAR MARCVS AVRELIVS CARINVS AVGVSTVS,,0285-08-01T00:53:28+00:53,,Unknown,Birthright,0283-08-01T00:53:28+00:53,0285-08-01T00:53:28+00:53,Died in Battle,Opposing Army,Gordian,Principate,"death, reign.end, reign.start are estimates. Birth unknown",,https://public.opendatasoft.com/api/datasets/1.0/roman-emperors/images/289b6e9e281da19c3a7bda8dca7ab2bd
2,Tiberius,TIBERIVS CAESAR DIVI AVGVSTI FILIVS AVGVSTVS,0041-11-16T00:53:28+00:53,0037-03-16T00:53:28+00:53,Rome,Italia,Birthright,0014-09-18T00:53:28+00:53,0037-03-16T00:53:28+00:53,Assassination,Other Emperor,Julio-Claudian,Principate,birth is BCE. Assign negative for correct ISO 8601 dates. Cause may have been Natural,,https://public.opendatasoft.com/api/datasets/1.0/roman-emperors/images/8a3bf3637985407b3d99e8e9d598f964
6,Galba,SERVIVS SVLPICIVS GALBA CAESAR AVGVSTVS,0002-12-24T00:53:28+00:53,0069-01-15T00:53:28+00:53,Terracina,Italia,Seized Power,0068-06-08T00:53:28+00:53,0069-01-15T00:53:28+00:53,Assassination,Other Emperor,Flavian,Principate,birth is BCE. Assign negative for correct ISO 8601 dates.,,https://public.opendatasoft.com/api/datasets/1.0/roman-emperors/images/1178626d38e70a3ced647356d1d14a3e
20,Didius Julianus,CAESAR MARCVS DIDIVS SEVERVS IVLIANVS AVGVSTVS,0133-01-30T00:53:28+00:53,0193-07-01T00:53:28+00:53,Milan,Italia,Purchase,0193-03-28T00:53:28+00:53,0193-07-01T00:53:28+00:53,Execution,Senate,Severan,Principate,birth could also be 0137-02-02,,https://public.opendatasoft.com/api/datasets/1.0/roman-emperors/images/a39dfd5999888c1d501554dd3a31aaac
23,Geta,CAESAR PVBLIVS SEPTIMIVS GETA AVGVSTUS,0189-03-07T00:53:28+00:53,0211-12-19T00:53:28+00:53,Rome,Italia,Birthright,0209-01-01T00:53:28+00:53,0211-12-26T00:53:28+00:53,Assassination,Other Emperor,Severan,Principate,reign.start is only valid for year,,https://public.opendatasoft.com/api/datasets/1.0/roman-emperors/images/d02d8b40e0df867b8762e9ed988aae33
46,Carus,CAESAR MARCVS AVRELIVS CARVS AVGVSTVS,0230-01-01T00:53:28+00:53,0283-08-01T00:53:28+00:53,Narbo,Gallia Narbonensis,Seized Power,0282-10-01T00:53:28+00:53,0283-08-01T00:53:28+00:53,Natural Causes,Lightning,Gordian,Principate,"birth, death, reign.end, reign.start are estimates.",,https://public.opendatasoft.com/api/datasets/1.0/roman-emperors/images/09d808e4341b45637fe6a871fb94cfc3
62,Julian,CAESAR FLAVIVS CLAVDIVS IVLIANVS AVGVSTVS,0331-07-01T00:53:28+00:53,0363-06-26T00:53:28+00:53,Constantinople,Thrace,Birthright,0360-02-14T00:53:28+00:53,0363-06-26T00:53:28+00:53,Died in Battle,Opposing Army,Constantinian,Dominate,"birth, reign.start is only estimate.",,https://public.opendatasoft.com/api/datasets/1.0/roman-emperors/images/fcf153e36638feb5ae679e9c9e800723
60,Constans,CAESAR FLAVIVS IVLIVS CONSTANS AVGVSTVS,0320-01-01T00:53:28+00:53,0350-02-14T00:53:28+00:53,,Moesia,Birthright,0337-05-22T00:53:28+00:53,0350-02-14T00:53:28+00:53,Assassination,Usurper,Constantinian,Dominate,"birth, death, reign.end, reign.start are estimates.",,https://public.opendatasoft.com/api/datasets/1.0/roman-emperors/images/562ee6da353b485e6cfd91e0f05974f8
1,Augustus,IMPERATOR CAESAR DIVI FILIVS AVGVSTVS,0062-09-23T00:53:28+00:53,0014-08-19T00:53:28+00:53,Rome,Italia,Birthright,0026-01-16T00:53:28+00:53,0014-08-19T00:53:28+00:53,Assassination,Wife,Julio-Claudian,Principate,"birth, reign.start are BCE. Assign negative for correct ISO 8601 dates. Cause may have been Natural",,https://public.opendatasoft.com/api/datasets/1.0/roman-emperors/images/cdcec2faad7fd5d8702d25c1f398050e
34,Trajan Decius,CAESAR GAIVS MESSIVS QVINTVS TRAIANVS DECIVS AVGVSTVS,0201-01-01T00:53:28+00:53,0251-06-15T00:53:28+00:53,Budalia,Pannonia Inferior,Appointment by Army,0249-10-01T00:53:28+00:53,0251-06-15T00:53:28+00:53,Died in Battle,Opposing Army,Gordian,Principate,birth is only estimate. Reign.end is only estimate. Regin.start is only estimate. Death is only estimate,,https://public.opendatasoft.com/api/datasets/1.0/roman-emperors/images/aeee3dc40b1933638d7a6c446aff7c7a
43,Tacitus,CAESAR MARCVS CLAVDIVSÂ TACITVS AVGVSTVS,0200-01-01T00:53:28+00:53,0276-06-15T00:53:28+00:53,Interamna Nahars,Italia,Appointment by Senate,0275-09-25T00:53:28+00:53,0276-06-15T00:53:28+00:53,Natural Causes,Disease,Gordian,Principate,"birth, death, reign.end are estimates.",,https://public.opendatasoft.com/api/datasets/1.0/roman-emperors/images/35e8a5b9d670ce0397de05d4abe75c8f
45,Probus,CAESAR MARCVS AVRELIVS PROBVS AVGVSTVS,0232-08-19T00:53:28+00:53,0282-10-01T00:53:28+00:53,Sirmium,Pannonia,Appointment by Army,0276-09-15T00:53:28+00:53,0282-10-01T00:53:28+00:53,Assassination,Own Army,Gordian,Principate,"birth, death, reign.end, reign.start are estimates.",,https://public.opendatasoft.com/api/datasets/1.0/roman-emperors/images/9a7234b7a843760b6b94aa2a87da6fe2
25,Elagabalus,MARCVS AVRELIVS ANTONINVS AVGVSTVS,0203-01-01T00:53:28+00:53,0222-03-11T00:53:28+00:53,Emesa,Syria,Birthright,0218-06-08T00:53:28+00:53,0222-03-11T00:53:28+00:53,Assassination,Praetorian Guard,Severan,Principate,birth is only estimate,,https://public.opendatasoft.com/api/datasets/1.0/roman-emperors/images/63a239169621aa51e49fe6dd0cd36256
27,Maximinus I,CAESAR GAIVS IVLIVS VERVS MAXIMINVS AVGVSTVS,0173-01-01T00:53:28+00:53,0238-06-15T00:53:28+00:53,,Thrace,Appointment by Praetorian Guard,0235-03-20T00:53:28+00:53,0238-06-15T00:53:28+00:53,Assassination,Praetorian Guard,Gordian,Principate,"birth is only estimate. Death, reign.end are estimates. birth.prv is estimate",,https://public.opendatasoft.com/api/datasets/1.0/roman-emperors/images/b2af0ee1fbadd9d8f4cf91d06824eaed
39,Gallienus,CAESAR PVBLIVS LICINIVS EGNATIVS GALLIENVS AVGVSTVS,0218-01-01T00:53:28+00:53,0268-09-15T00:53:28+00:53,,Unknown,Birthright,0253-10-15T00:53:28+00:53,0268-09-15T00:53:28+00:53,Assassination,Own Army,Gordian,Principate,"birth, death, reign.end, reign.start are estimates.",,https://public.opendatasoft.com/api/datasets/1.0/roman-emperors/images/57f9d927e953cdc8c82e03ec70de9626
28,Gordian I,CAESAR MARCVS ANTONIVS GORDIANVS SEMPRONIANVS AFRICANVS AVGVSTVS,0159-01-01T00:53:28+00:53,0238-04-12T00:53:28+00:53,,Phrygia,Appointment by Senate,0238-03-22T00:53:28+00:53,0238-04-12T00:53:28+00:53,Suicide,Other Emperor,Gordian,Principate,birth is only estimate.,,https://public.opendatasoft.com/api/datasets/1.0/roman-emperors/images/d78afa1e918087c30174f70d76cd172e
16,Marcus Aurelius,CAESAR MARCVS AVRELIVS ANTONINVS AVGVSTVS,0121-04-26T00:53:28+00:53,0180-03-17T00:53:28+00:53,Rome,Italia,Birthright,0161-03-07T00:53:28+00:53,0180-03-17T00:53:28+00:53,Natural Causes,Disease,Nerva-Antonine,Principate,,,https://public.opendatasoft.com/api/datasets/1.0/roman-emperors/images/0aa5c9ab3dbbcaad7ed252c4aa52b01d
11,Domitian,TITVS FLAVIVS CAESAR DOMITIANVS AVGVSTVS,0051-10-24T00:53:28+00:53,0096-09-18T00:53:28+00:53,Rome,Italia,Birthright,0081-09-14T00:53:28+00:53,0096-09-18T00:53:28+00:53,Assassination,Court Officials,Flavian,Principate,,,https://public.opendatasoft.com/api/datasets/1.0/roman-emperors/images/09a5c725c99c10ca3879c34043291be3
8,Vitellius,AVLVS VITELLIVS GERMANICVS AVGVSTVS,0015-09-24T00:53:28+00:53,0069-12-20T00:53:28+00:53,Rome,Italia,Seized Power,0069-04-17T00:53:28+00:53,0069-12-20T00:53:28+00:53,Assassination,Other Emperor,Flavian,Principate,,,https://public.opendatasoft.com/api/datasets/1.0/roman-emperors/images/ca10edd3fa8a447659cec832333d8dea
51,Constantius I,CAESAR GAIVS FLAVIVS VALERIVS CONSTANTIVS AVGVSTVS,0250-03-31T00:53:28+00:53,0306-07-25T00:53:28+00:53,Dardania,Moesia,Appointment by Emperor,0305-05-01T00:53:28+00:53,0306-07-25T00:53:28+00:53,Natural Causes,Unknown,Constantinian,Dominate,birth is only estimate.,,https://public.opendatasoft.com/api/datasets/1.0/roman-emperors/images/5f6f6d94c193ff434dbec86dc70442fc
35,Hostilian,CAESAR CAIVS VALENS HOSTILIANVS MESSIVS QVINTVS AVGVSTVS,0230-01-01T00:53:28+00:53,0251-10-01T00:53:28+00:53,Sirmium,Pannonia,Birthright,0251-06-15T00:53:28+00:53,0251-10-01T00:53:28+00:53,Natural Causes,Disease,Gordian,Principate,birth is only estimate. Reign.end is only estimate. Regin.start is only estimate. Death is only estimate,,https://public.opendatasoft.com/api/datasets/1.0/roman-emperors/images/c4716031522682f637cb801ecd5a0018
22,Caracalla,CAESAR MARCVS AVRELIVS SEVERVS ANTONINVS PIVS AVGVSTVS,0188-04-04T00:53:28+00:53,0217-04-08T00:53:28+00:53,Lugdunum,Gallia Lugdunensis,Birthright,0198-01-01T00:53:28+00:53,0217-04-08T00:53:28+00:53,Assassination,Other Emperor,Severan,Principate,reign.start is only valid for year,,https://public.opendatasoft.com/api/datasets/1.0/roman-emperors/images/c22592cf8c7bc2b49044c8fea186d92e
40,Claudius Gothicus,CAESAR MARCVS AVRELIVS CLAVDIVS AVGVSTVS,0213-05-10T00:53:28+00:53,0270-01-15T00:53:28+00:53,Sirmium,Pannonia,Seized Power,0268-09-15T00:53:28+00:53,0270-01-15T00:53:28+00:53,Natural Causes,Disease,Gordian,Principate,"birth, death, reign.end, reign.start are estimates.",,https://public.opendatasoft.com/api/datasets/1.0/roman-emperors/images/80366cb17e84d1ead37d8a2295131370
58,Constantine II,CAESAR FLAVIVS CLAVDIVS CONSTANTINVS AVGVSTVS,0316-02-01T00:53:28+00:53,0340-01-01T00:53:28+00:53,Arelate,Gallia Narbonensis,Birthright,0337-05-22T00:53:28+00:53,0340-01-01T00:53:28+00:53,Execution,Other Emperor,Constantinian,Dominate,"birth, death, are only estimates",,https://public.opendatasoft.com/api/datasets/1.0/roman-emperors/images/5b4c3ecd9b3a8bec68cf58d0c8a8826b
63,Jovian,CAESAR FLAVIVS IOVIANVS AVGVSTVS,0331-01-01T00:53:28+00:53,0364-02-17T00:53:28+00:53,Singidunum,Moesia,Appointment by Army,0363-06-26T00:53:28+00:53,0364-02-17T00:53:28+00:53,Natural Causes,Fire,Constantinian,Dominate,birth is only estimate.,,https://public.opendatasoft.com/api/datasets/1.0/roman-emperors/images/1f10752a15218dcf13ab8ee14676c4e6
29,Gordian II,CAESAR MARCVS ANTONIVS GORDIANVS SEMPRONIANVS ROMANVS AFRICANVS AVGVSTVS,0192-01-01T00:53:28+00:53,0238-04-12T00:53:28+00:53,,Unknown,Appointment by Senate,0238-03-22T00:53:28+00:53,0238-04-12T00:53:28+00:53,Execution,Other Emperor,Gordian,Principate,birth is only estimate.,,https://public.opendatasoft.com/api/datasets/1.0/roman-emperors/images/443c33c7785cfc81e9f158e8ab906eda
30,Pupienus,CAESAR MARCVS CLODIVS PVPIENVS MAXIMVS AVGVSTVS,0178-01-01T00:53:28+00:53,0238-07-29T00:53:28+00:53,,Unknown,Appointment by Senate,0238-04-22T00:53:28+00:53,0238-07-29T00:53:28+00:53,Assassination,Praetorian Guard,Gordian,Principate,birth is only estimate.,,https://public.opendatasoft.com/api/datasets/1.0/roman-emperors/images/ca3df12575c44dc1213cd550589e4eac
54,Constantine the Great,CAESAR FLAVIVS VALERIVS AVRELIVS CONSTANTINVS AVGVSTVS,0272-02-27T00:53:28+00:53,0337-05-22T00:53:28+00:53,Naissus,Moesia Superior,Birthright,0306-07-25T00:53:28+00:53,0337-05-22T00:53:28+00:53,Natural Causes,Disease,Constantinian,Dominate,,,https://public.opendatasoft.com/api/datasets/1.0/roman-emperors/images/c113229a8aa1eac5595cde77109f35b0
26,Severus Alexander,CAESAR MARCVS AVRELIVS SEVERVS ALEXANDER AVGVSTVS,0208-10-01T00:53:28+00:53,0235-03-18T00:53:28+00:53,Arca Caesarea,Syria,Birthright,0222-03-13T00:53:28+00:53,0235-03-18T00:53:28+00:53,Assassination,Own Army,Severan,Principate,,,https://public.opendatasoft.com/api/datasets/1.0/roman-emperors/images/95885385d12f56d1782ba0fa55a4fb69
49,Diocletian,CAESAR GAIVS AVRELIVS VALERIVS DIOCLETIANVS AVGVSTVS,0244-12-22T00:53:28+00:53,0311-12-03T00:53:28+00:53,Salona,Dalmatian,Seized Power,0284-11-20T00:53:28+00:53,0305-05-01T00:53:28+00:53,Natural Causes,Disease,Constantinian,Dominate,,,https://public.opendatasoft.com/api/datasets/1.0/roman-emperors/images/f1134f85b988d2086cfaff2be7a7ef5e
65,Valens,FLAVIVS IVLIVS VALENS AVGVSTVS,0328-01-01T00:53:28+00:53,0378-08-09T00:53:28+00:53,Cibalae,Pannonia,Birthright,0364-03-28T00:53:28+00:53,0378-08-09T00:53:28+00:53,Died in Battle,Opposing Army,Valentinian,Dominate,birth is only estimate.,Reddit user ironicosity,https://public.opendatasoft.com/api/datasets/1.0/roman-emperors/images/e4ea8a57c270dedeb75372559dc678f5
67,Valentinian II,FLAVIVS VALENTINIANVS INVICTVS AVGVSTVS,0371-01-01T00:53:28+00:53,0392-05-15T00:53:28+00:53,Milan,Italia,Birthright,0375-11-17T00:53:28+00:53,0392-05-15T00:53:28+00:53,Suicide,Unknown,Valentinian,Dominate,birth is only estimate.,Reddit user ironicosity,https://public.opendatasoft.com/api/datasets/1.0/roman-emperors/images/88d0fd7ca5472da610ecf679abfd67dd
64,Valentinian I,FLAVIVS VALENTINIANVS AVGVSTVS,0321-07-03T00:53:28+00:53,0375-11-17T00:53:28+00:53,Cibalae,Pannonia,Election,0364-02-26T00:53:28+00:53,0375-11-17T00:53:28+00:53,Natural Causes,Aneurism,Valentinian,Dominate,,Reddit user ironicosity,https://public.opendatasoft.com/api/datasets/1.0/roman-emperors/images/56334414e14d35216111e0af934dce43
68,Theodosius I,FLAVIVS THEODOSIVS AVGVSTVS,0347-01-11T00:53:28+00:53,0395-01-17T00:53:28+00:53,Cauca,Hispania,Birthright,0379-01-01T00:53:28+00:53,0395-01-17T00:53:28+00:53,Natural Causes,Disease,Theodosian,Dominate,,Reddit user ironicosity,https://public.opendatasoft.com/api/datasets/1.0/roman-emperors/images/b21c50e17d60d8322d872fcfcc21fd9c
9,Vespasian,TITVS FLAVIVS CAESAR VESPASIANVS AVGVSTVS,0009-11-17T00:53:28+00:53,0079-06-24T00:53:28+00:53,Falacrine,Italia,Seized Power,0069-12-21T00:53:28+00:53,0079-06-24T00:53:28+00:53,Natural Causes,Disease,Flavian,Principate,,,https://public.opendatasoft.com/api/datasets/1.0/roman-emperors/images/0a9b79ff7fe9589cb7655b8c6de2cf64
18,Commodus,CAESAR MARCVS AVRELIVS COMMODVS ANTONINVS AVGVSTVS,0161-08-31T00:53:28+00:53,0192-12-31T00:53:28+00:53,Lanuvium,Italia,Birthright,0177-01-01T00:53:28+00:53,0192-12-31T00:53:28+00:53,Assassination,Praetorian Guard,Nerva-Antonine,Principate,reign.start is only valid for year,,https://public.opendatasoft.com/api/datasets/1.0/roman-emperors/images/2ff7b9e41ec4a4726f1a92076248613e
19,Pertinax,CAESAR PVBLIVS HELVIVS PERTINAX AVGVSTVS,0126-08-01T00:53:28+00:53,0193-03-28T00:53:28+00:53,Alba,Italia,Appointment by Praetorian Guard,0193-01-01T00:53:28+00:53,0193-03-28T00:53:28+00:53,Assassination,Praetorian Guard,Severan,Principate,,,https://public.opendatasoft.com/api/datasets/1.0/roman-emperors/images/b8d4885971baf605b8994640618f80aa
14,Hadrian,CAESAR PVBLIVS AELIVS TRAIANVS HADRIANVS AVGVSTVS,0076-01-24T00:53:28+00:53,0138-07-10T00:53:28+00:53,Italica,Hispania Baetica,Birthright,0117-08-11T00:53:28+00:53,0138-07-10T00:53:28+00:53,Natural Causes,Heart Failure,Nerva-Antonine,Principate,,,https://public.opendatasoft.com/api/datasets/1.0/roman-emperors/images/2700074160180c9f5b42aad990afb481
13,Trajan,CAESAR MARCVS VLPIVS NERVA TRAIANVS AVGVSTVS,0053-09-18T00:53:28+00:53,0117-08-07T00:53:28+00:53,Italica,Hispania Baetica,Birthright,0098-01-28T00:53:28+00:53,0117-08-07T00:53:28+00:53,Natural Causes,Disease,Nerva-Antonine,Principate,,,https://public.opendatasoft.com/api/datasets/1.0/roman-emperors/images/1171b19b415ec5e3b2131c10a0a364ee
7,Otho,MARCVS SALVIVS OTHO CAESAR AVGVSTVS,0032-04-28T00:53:28+00:53,0069-04-16T00:53:28+00:53,Terentinum,Italia,Appointment by Praetorian Guard,0069-01-15T00:53:28+00:53,0069-04-16T00:53:28+00:53,Suicide,Other Emperor,Flavian,Principate,,,https://public.opendatasoft.com/api/datasets/1.0/roman-emperors/images/fafbcfd29ddc309d4163be5bfeca4d01
24,Macrinus,MARCVS OPELLIVS SEVERVS MACRINVS AVGVSTVS PIVS FELIX,0165-01-01T00:53:28+00:53,0218-06-08T00:53:28+00:53,Iol Caesarea,Mauretania,Seized Power,0217-04-11T00:53:28+00:53,0218-06-08T00:53:28+00:53,Execution,Other Emperor,Severan,Principate,birth is only valid for year,,https://public.opendatasoft.com/api/datasets/1.0/roman-emperors/images/eadf707a83dfd1675fe6543c3639103c
41,Quintillus,CAESAR MARCVS AVRELIVS CLAVDIVS QVINTILLVS AVGVSTVS,0212-01-01T00:53:28+00:53,0270-04-15T00:53:28+00:53,Sirmium,Pannonia,Birthright,0270-01-15T00:53:28+00:53,0270-04-15T00:53:28+00:53,Unknown,Unknown,Gordian,Principate,"birth, death, reign.end, reign.start are estimates.",,https://public.opendatasoft.com/api/datasets/1.0/roman-emperors/images/1058a47728348c95cb4ffc4ae86b4b16
44,Florian,CAESAR MARCVS ANNIVS FLORIANVS AVGVSTVS,,0276-09-15T00:53:28+00:53,,Unknown,Birthright,0276-06-15T00:53:28+00:53,0276-09-15T00:53:28+00:53,Assassination,Own Army,Gordian,Principate,"death, reign.end, reign.start are estimates. Birth unknown",,https://public.opendatasoft.com/api/datasets/1.0/roman-emperors/images/b6b0fdc680f04a11400e55084f787fcf
5,Nero,NERO CLAVDIVS CAESAR AVGVSTVS GERMANICVS,0037-12-15T00:53:28+00:53,0068-06-09T00:53:28+00:53,Antitum,Italia,Birthright,0054-10-13T00:53:28+00:53,0068-06-09T00:53:28+00:53,Suicide,Senate,Julio-Claudian,Principate,,,https://public.opendatasoft.com/api/datasets/1.0/roman-emperors/images/a1d01f1f382ca53e0fab0d417c48117e
61,Vetranio,CAESAR FLAVIVS VETRANIO AVGVSTVS,,0356-01-01T00:53:28+00:53,,Moesia,Seized Power,0350-03-01T00:53:28+00:53,0350-12-25T00:53:28+00:53,Unknown,Unknown,Constantinian,Dominate,death is only estimate,,https://public.opendatasoft.com/api/datasets/1.0/roman-emperors/images/3f058a8204a9630af189100255507814
53,Severus II,FLAVIVS VALERIVS SEVERVS AVGVSTVS,,0307-09-16T00:53:28+00:53,,Unknown,Appointment by Emperor,0305-05-01T00:53:28+00:53,0307-09-16T00:53:28+00:53,Assassination,Other Emperor,Constantinian,Dominate,,,https://public.opendatasoft.com/api/datasets/1.0/roman-emperors/images/d54c3ea51d40c190669a7d8a8fea40a3
4,Claudius,TIBERIVS CLAVDIVS CAESAR AVGVSTVS GERMANICVS,0009-08-01T00:53:28+00:53,0054-10-13T00:53:28+00:53,Lugdunum,Gallia Lugdunensis,Birthright,0041-01-25T00:53:28+00:53,0054-10-13T00:53:28+00:53,Assassination,Wife,Julio-Claudian,Principate,birth is BCE. Assign negative for correct ISO 8601 dates. Cause may have been Natural,,https://public.opendatasoft.com/api/datasets/1.0/roman-emperors/images/9983e4d433662bf4794912faddedc1a6
17,Lucius Verus,CAESAR LVCIVS AVRELIVS VERVS AVGVSTVS,0130-12-15T00:53:28+00:53,0169-03-15T00:53:28+00:53,Rome,Italia,Birthright,0161-03-07T00:53:28+00:53,0169-03-15T00:53:28+00:53,Natural Causes,Disease,Nerva-Antonine,Principate,"death, reign.end are estimates",,https://public.opendatasoft.com/api/datasets/1.0/roman-emperors/images/780f318e3bae7295d9b41d710005789d
21,Septimus Severus,CAESAR LVCIVS SEPTIMIVS SEVERVS PERTINAX AVGVSTVS,0145-04-11T00:53:28+00:53,0211-02-04T00:53:28+00:53,Leptis Magna,Libya,Seized Power,0193-04-09T00:53:28+00:53,0211-02-04T00:53:28+00:53,Natural Causes,Disease,Severan,Principate,,,https://public.opendatasoft.com/api/datasets/1.0/roman-emperors/images/39a6b845da546b0e6c577a8447b1c4cc
15,Antonius Pius,CAESAR TITVS AELIVS HADRIANVS ANTONINVS AVGVSTVS PIVS,0086-09-19T00:53:28+00:53,0161-03-07T00:53:28+00:53,Lanuvium,Italia,Birthright,0138-07-10T00:53:28+00:53,0161-03-07T00:53:28+00:53,Natural Causes,Disease,Nerva-Antonine,Principate,,,https://public.opendatasoft.com/api/datasets/1.0/roman-emperors/images/2db77a544c9c382a903405c05b663d66
12,Nerva,MARCVS COCCEIVS NERVA CAESAR AVGVSTVS,0030-11-08T00:53:28+00:53,0098-01-27T00:53:28+00:53,Narni,Italia,Appointment by Senate,0096-09-18T00:53:28+00:53,0098-01-27T00:53:28+00:53,Natural Causes,Disease,Nerva-Antonine,Principate,,,https://public.opendatasoft.com/api/datasets/1.0/roman-emperors/images/40ef5c7f51384bdbfca9ad405b6206d8
3,Caligula,GAIVS IVLIVS CAESAR AVGVSTVS GERMANICVS,0012-08-31T00:53:28+00:53,0041-01-24T00:53:28+00:53,Antitum,Italia,Birthright,0037-03-18T00:53:28+00:53,0041-01-24T00:53:28+00:53,Assassination,Senate,Julio-Claudian,Principate,,,https://public.opendatasoft.com/api/datasets/1.0/roman-emperors/images/ca15c140c7cabdeabdb4c45bcc38d921
10,Titus,TITVS FLAVIVS CAESAR VESPASIANVS AVGVSTVS,0039-12-30T00:53:28+00:53,0081-09-13T00:53:28+00:53,Rome,Italia,Birthright,0079-06-24T00:53:28+00:53,0081-09-13T00:53:28+00:53,Natural Causes,Disease,Flavian,Principate,,,https://public.opendatasoft.com/api/datasets/1.0/roman-emperors/images/cb84a4835f75447e4748f08d63a4b59e
66,Gratian,FLAVIVS GRATIANVS AVGVSTVS,0359-04-18T00:53:28+00:53,0383-08-25T00:53:28+00:53,Sirmium,Pannonia,Birthright,0367-08-04T00:53:28+00:53,0383-08-25T00:53:28+00:53,Assassination,Own Army,Valentinian,Dominate,birth may also be 0359-05-23,Reddit user ironicosity,https://public.opendatasoft.com/api/datasets/1.0/roman-emperors/images/f627d3fae835f7073e9708a5e0121300
50,Maximian,CAESAR MARCVS AVRELIVS VALERIVS MAXIMIANVS AVGVSTVS,0250-01-01T00:53:28+00:53,0310-07-15T00:53:28+00:53,Sirmium,Pannonia,Appointment by Emperor,0286-04-01T00:53:28+00:53,0305-05-01T00:53:28+00:53,Suicide,Other Emperor,Constantinian,Dominate,"birth, death are estimates",,https://public.opendatasoft.com/api/datasets/1.0/roman-emperors/images/77514fb24a63483fdc7c5b03e3dba8db
38,Valerian,CAESAR PVBLIVS LICINIVS VALERIANVS AVGVSTVS,0195-01-01T00:53:28+00:53,0264-01-01T00:53:28+00:53,,Unknown,Appointment by Army,0253-10-15T00:53:28+00:53,0260-01-01T00:53:28+00:53,Captivity,Opposing Army,Gordian,Principate,"birth, death, reign.end, reign.start are estimates.",,https://public.opendatasoft.com/api/datasets/1.0/roman-emperors/images/5faa5a0f4a9f9562fe275bb91d7d1666
37,Aemilian,CAESAR MARCVS AEMILIVS AEMILIANVS AVGVSTVS,0207-01-01T00:53:28+00:53,0253-10-15T00:53:28+00:53,,Africa,Appointment by Army,0253-08-15T00:53:28+00:53,0253-10-15T00:53:28+00:53,Assassination,Other Emperor,Gordian,Principate,"birth, death, reign.end, reign.start are estimates.",,https://public.opendatasoft.com/api/datasets/1.0/roman-emperors/images/f0548dddbb1ffbce20d40300cd3fab48
56,Maximinus II,CAESAR GALERIVS VALERIVS MAXIMINVS AVGVSTVS,0270-11-20T00:53:28+00:53,0313-08-01T00:53:28+00:53,,Dacia Aureliana,Birthright,0311-05-01T00:53:28+00:53,0313-08-01T00:53:28+00:53,Execution,Other Emperor,Constantinian,Dominate,"death, reign.end are only estimates",,https://public.opendatasoft.com/api/datasets/1.0/roman-emperors/images/19c033c57f8030a4b79a1d03f35ee502
55,Maxentius,MARCVS AVRELIVS VALERIVS MAXENTIVS AVGVSTVS,0278-01-01T00:53:28+00:53,0312-10-08T00:53:28+00:53,,Unknown,Birthright,0306-10-08T00:53:28+00:53,0312-10-08T00:53:28+00:53,Execution,Other Emperor,Constantinian,Dominate,birth is only estimate.,,https://public.opendatasoft.com/api/datasets/1.0/roman-emperors/images/35bd8d978bb65a39f085243881cc6317
32,Gordian III,CAESAR MARCVS ANTONIVS GORDIANVS AVGVSTVS,0225-01-20T00:53:28+00:53,0244-02-11T00:53:28+00:53,Rome,Italia,Appointment by Senate,0238-04-22T00:53:28+00:53,0244-02-11T00:53:28+00:53,Died in Battle,Opposing Army,Gordian,Principate,,,https://public.opendatasoft.com/api/datasets/1.0/roman-emperors/images/d26ae0ddfad19680e81517668953e765
59,Consantius II,CAESAR FLAVIVS IVLIVS CONSTANTIVS AVGVSTVS,0317-08-07T00:53:28+00:53,0361-11-03T00:53:28+00:53,Sirmium,Pannonia,Birthright,0337-05-22T00:53:28+00:53,0361-11-03T00:53:28+00:53,Natural Causes,Disease,Constantinian,Dominate,,,https://public.opendatasoft.com/api/datasets/1.0/roman-emperors/images/fe463f2715664b3489ebbf4d070b80f4
